merchant_category,merchant
Grocery,A & P FOOD STORES
Grocery,ALBERTSONS
Grocery,ALDI
Grocery,ARMANDO'S SUPERMARKET
Grocery,AUSTIN FOODS
Grocery,BASIC AMERICAN FOODS
Grocery,BERNER FOODS INCORPORATED
Grocery,BUNGE FOODS
Grocery,BUTERA FINER FOODS
Grocery,C TOWN
Grocery,CERTIFIED GROCERS OF III
Grocery,COSTCO
Grocery,COUNTY MARKET
Grocery,CUB FOODS
Grocery,DAVE'S SUPERMARKET
Grocery,DEAN FOODS
Grocery,DOMINICK'S FINER FOODS
Grocery,DOT FOODS
Grocery,ECONO FOODS
Grocery,FAIRPLAY FINER FOODS
Grocery,FAIRWAY FINER FOODS
Grocery,FAIRWAY FINER FOODS INC.
Grocery,FAIRWAY FOODS
Grocery,FAMILY FOODS
Grocery,FARMLAND FOODS
Grocery,FOOD 4 LESS
Grocery,FOODLAND
Grocery,FOODTOWN
Grocery,FRIENDLY FOODS
Grocery,FRONTERA FOODS
Grocery,GUADALAJARA SUPERMARKET
Grocery,HANOVER SUPERMARKET
Grocery,HAPPY FOODS
Grocery,HARVEST FOODS
Grocery,HOMETOWN FOODS
Grocery,JALISCO MARKET
Grocery,JEWEL-OSCO
Grocery,JIMMY DEAN FOODS
Grocery,JIMMY FOODS
Grocery,JIMMY'S FOODS
Grocery,JUBILEE FOODS
Grocery,KANESHIC SUPERMARKET
Grocery,KEY FOOD
Grocery,KING FOOD
Grocery,KMART SUPER CENTERS
Grocery,KROGER
Grocery,LOGLI SUPERMARKETS
Grocery,MARKET BASKET
Grocery,MEIJER
Grocery,METAL SUPERMARKETS
Grocery,NEWLY WEDS FOOD
Grocery,NIEMANN FOODS
Grocery,PENNANT FOODS
Grocery,PEREZ SUPERMARKET
Grocery,PIGGLY WIGGLY
Grocery,PRICE LESS FOODS
Grocery,PRICE RITE
Grocery,PUBLIX
Grocery,RAINBOW FOODS
Grocery,SAM'S CLUB
Grocery,SAV A LOT
Grocery,SAVE A LOT
Grocery,SAVEWAY FOODS
Grocery,SCHNUCK MARKETS
Grocery,SCHWAN'S FINE FOOD
Grocery,SENTRY FOODS
Grocery,SHERWOOD FOODS
Grocery,SHOP N SAVE
Grocery,SHOPRITE
Grocery,STOP & SHOP
Grocery,SULLIVANS FOODS
Grocery,SUNSET FOODS
Grocery,SUNSHINE FOODS
Grocery,SUPER FRESH
Grocery,SUPER TARGET
Grocery,SUPERVALU
Grocery,ULTRA FOOD'S
Grocery,ULTRA FOODS
Grocery,UNITED SUPERMARKET
Grocery,WAL-MART SUPERCENTER
Grocery,WESTERN SUPERMARKET
